DATE	H1	H2	H3	H4	H5	H6	H7	H8	H9	H10	H11	H12	H13	H14	H15	H16	H17	H18	H19	H20	H21	H22	H23	H24
2025-03-02	62.0	51.58	50.03	49.2	50.68	51.58	51.97	51.9	51.9	52.5	60.5	49.0	27.5	40.0	42.19	51.9	76.04	82.49	89.5	113.95	124.87	121.69	91.5	79.0
2025-03-03	78.8	73.0	68.5	69.0	68.57	78.61	93.0	104.58	115.0	104.58	105.63	103.96	90.48	90.24	66.91	86.44	98.5	100.13	111.5	135.0	149.0	122.91	115.0	98.41
2025-03-04	100.13	104.0	101.05	100.13	99.0	102.61	96.78	106.6	109.24	102.7	95.5	77.85	63.84	50.24	55.1	66.75	80.0	101.0	102.58	144.28	132.0	117.62	102.97	102.7
2025-03-05	86.0	84.0	83.66	80.0	79.19	76.0	83.66	109.14	99.69	82.0	70.2	50.0	41.89	35.19	35.3	50.53	69.37	80.0	89.0	111.31	112.82	106.71	96.96	80.46
2025-03-06	61.0	56.0	62.0	67.75	68.9	70.84	75.95	97.49	101.58	78.85	71.0	70.2	67.7	59.99	54.19	54.97	60.01	76.99	101.0	126.02	117.01	105.51	91.96	76.6
2025-03-07	77.33	69.99	63.93	60.01	60.2	64.01	67.98	77.1	77.14	62.27	60.32	35.0	20.47	7.82	23.9	14.68	22.34	29.75	43.33	44.1	52.2	50.0	50.0	43.84
2025-03-08	29.0	13.2	13.2	12.2	7.19	5.0	8.9	10.96	5.0	6.99	3.52	3.52	2.99	1.0	0.07	0.02	0.65	3.52	35.0	43.38	41.23	40.65	40.0	38.1
2025-03-09	35.4	35.01	35.01	33.29	29.97	31.4	31.81	35.0	35.0	29.27	10.1	9.13	13.2	7.1	3.52	17.39	35.01	47.68	89.02	124.5	127.6	115.66	97.04	88.06
2025-03-10	85.51	78.03	73.01	71.31	66.7	73.43	99.58	123.06	130.01	95.0	82.99	78.0	76.02	77.32	75.51	69.11	77.86	95.92	117.84	152.05	131.6	110.0	100.0	92.0
2025-03-11	91.0	87.45	84.47	82.36	82.36	91.92	92.8	114.57	126.96	100.93	92.22	80.0	82.92	77.87	75.0	69.1	69.1	82.5	114.5	157.5	137.84	119.33	108.78	105.16
2025-03-12	84.99	71.97	69.1	71.58	71.14	70.01	78.5	103.08	104.44	85.0	75.85	71.97	70.39	70.01	70.01	71.83	75.01	103.08	130.41	176.69	146.37	132.2	120.0	109.91
2025-03-13	108.58	103.46	101.25	95.12	90.8	99.0	110.01	152.28	156.41	140.0	117.56	110.54	102.75	95.12	92.38	92.47	92.38	92.47	107.1	160.86	149.0	126.51	103.5	81.9
2025-03-14	49.75	39.0	35.1	35.01	37.0	42.28	62.84	95.8	96.3	63.1	38.0	25.0	24.7	18.82	5.76	5.0	14.0	37.0	83.35	134.5	130.01	111.39	104.14	96.54
2025-03-15	82.26	66.79	59.43	49.71	44.72	44.72	49.58	59.68	34.22	3.52	0.0	0.0	0.0	0.0	0.0	0.02	1.0	29.52	85.0	132.96	121.46	108.5	105.02	95.25
2025-03-16	82.93	70.0	65.0	65.0	63.02	65.0	65.0	67.8	60.35	40.5	25.3	11.06	10.52	11.37	9.94	6.99	25.3	46.0	82.93	140.0	130.43	113.31	107.05	89.0
2025-03-17	83.55	71.26	74.66	71.26	71.26	69.6	79.99	136.01	137.01	99.0	81.1	70.07	58.9	50.24	50.24	60.34	68.1	80.67	111.93	170.0	141.5	110.96	104.18	75.85
2025-03-18	70.79	40.3	37.84	40.0	39.8	38.31	54.23	78.87	94.14	72.65	37.84	12.84	20.2	5.19	6.03	24.59	33.0	41.89	72.0	150.79	136.97	105.69	90.95	79.43
2025-03-19	46.68	44.02	39.92	35.01	35.01	35.0	75.0	117.38	35.01	20.19	6.0	0.22	0.0	0.0	0.0	0.0	0.1	3.6	31.1	36.68	52.96	38.26	30.34	16.09
2025-03-20	7.89	6.0	3.52	3.52	3.52	3.52	6.0	9.7	14.0	5.0	3.52	3.42	0.43	0.65	3.52	6.09	15.47	35.0	62.96	101.6	93.74	63.99	50.21	41.34
2025-03-21	16.74	9.2	5.7	4.2	3.52	4.2	8.85	17.0	10.6	3.52	3.52	0.74	0.65	0.18	0.18	0.65	1.1	3.52	9.5	35.0	40.0	35.01	29.42	15.0
2025-03-22	3.52	3.52	1.0	0.5	0.5	1.0	0.65	0.5	0.1	0.0	0.0	0.0	0.0	0.0	0.0	-0.01	0.0	0.65	10.5	40.0	76.01	52.05	43.9	35.01
2025-03-23	35.01	33.55	19.97	10.1	8.5	8.74	10.1	15.0	7.4	3.52	0.65	0.54	0.1	0.5	0.06	0.0	0.02	3.52	35.01	108.0	125.92	111.0	98.84	63.11
2025-03-24	40.03	28.0	24.0	21.96	21.87	25.0	40.38	61.51	37.93	20.19	3.52	0.65	0.65	2.0	3.52	3.52	7.4	23.79	59.99	179.1	158.3	120.96	107.92	74.73
2025-03-25	40.51	20.26	13.13	12.2	12.73	17.87	32.38	90.99	37.93	4.96	1.06	0.0	0.01	0.1	0.42	1.03	3.6	12.2	65.0	160.86	158.84	128.4	104.25	99.0
2025-03-26	47.39	30.0	15.85	15.8	20.08	28.6	60.0	95.79	21.7	0.2	-0.01	-0.45	-0.5	-0.45	-0.45	-0.45	-0.01	0.0	27.0	125.22	126.66	104.94	97.33	54.68
2025-03-27	93.52	63.09	60.0	52.98	52.98	63.09	85.92	125.03	59.0	3.52	0.0	-0.01	-0.01	-0.01	-0.01	-0.01	0.0	0.65	47.81	150.0	135.57	117.75	106.1	93.2
2025-03-28	51.4	37.0	21.61	20.8	20.8	29.5	51.4	86.9	20.08	0.02	-0.4	-1.0	-1.02	-1.04	-1.2	-1.24	-1.24	-0.62	3.52	62.0	85.36	63.53	50.0	20.8
2025-03-29	13.29	10.63	7.0	5.0	4.96	4.96	5.0	3.52	0.0	-1.01	-2.0	-2.0	-2.0	-2.0	-2.2	-2.2	-2.2	-2.0	0.0	11.13	20.16	18.58	11.13	6.0
2025-03-30	3.6	3.2	0.65	0.1	0.09	0.17	0.13	0.0	-1.53	-2.31	-3.8	-4.0	-4.0	-5.0	-5.21	-4.0	-3.0	-2.2	0.02	25.46	35.01	25.63	10.63	50.5
2025-03-31	0.65	2.0	3.0	0.65	0.65	1.0	7.44	40.03	41.26	0.15	-0.01	-0.31	-0.66	-0.62	-0.62	-1.0	-0.99	-0.01	0.2	55.0	146.79	197.25	119.85	95.01
2025-04-01	90.0	75.78	70.03	60.48	61.59	68.2	84.2	155.5	159.37	87.97	38.1	5.2	0.0	0.0	-0.01	-0.07	-0.01	-0.01	17.9	53.71	114.96	120.93	84.2	58.44
2025-04-02	38.11	26.34	26.1	20.0	20.0	26.34	39.87	90.08	104.9	54.33	21.15	1.0	0.0	0.0	-0.01	-0.02	-0.01	0.04	7.96	32.96	53.11	49.23	32.95	27.3
2025-04-03	20.37	19.07	16.32	12.27	9.07	11.94	19.7	38.11	56.33	38.11	28.96	3.52	0.5	0.0	0.0	0.0	1.87	5.0	10.06	35.0	80.0	79.0	35.01	10.1
2025-04-04	3.6	3.52	3.52	3.51	3.52	3.52	3.52	35.0	35.01	18.83	4.73	3.52	0.0	-0.01	-0.02	-0.01	0.0	0.01	0.65	6.3	35.01	50.02	35.01	20.91
2025-04-05	35.0	19.97	19.1	19.34	13.2	16.4	19.75	20.3	21.46	10.0	0.66	-0.13	-0.3	-1.0	-1.01	-1.2	-1.0	0.1	10.0	46.49	95.61	95.61	78.99	68.75
2025-04-06	70.45	46.21	35.01	27.01	25.5	25.57	26.51	28.87	26.25	0.1	-1.01	-1.54	-1.54	-1.0	-1.0	-1.32	-1.49	-0.01	8.26	35.2	75.0	80.0	70.01	66.38
2025-04-07	48.37	41.9	43.32	39.54	39.74	46.22	70.1	159.86	143.04	60.0	17.43	3.01	0.01	0.0	0.0	0.0	0.0	1.51	20.0	69.1	156.0	170.01	118.34	99.84
2025-04-08	83.0	71.8	69.07	57.65	51.22	53.16	60.5	131.17	104.0	36.88	0.65	-0.01	-0.86	-1.01	-1.02	-1.01	-1.0	-0.01	0.01	33.68	117.6	123.49	85.95	69.22
2025-04-09	50.13	37.0	33.68	32.06	28.46	28.9	37.0	86.96	98.21	33.68	5.8	-0.01	-0.01	-0.02	-0.2	-0.5	-0.02	0.0	9.81	37.0	70.0	89.0	53.96	36.64
2025-04-10	33.68	28.46	21.46	20.08	18.36	17.46	15.0	35.01	37.5	30.48	10.99	0.65	0.0	0.0	-0.01	-0.01	0.0	0.0	4.99	20.3	38.54	50.82	43.3	33.68
2025-04-11	21.63	16.66	11.98	14.0	12.51	14.0	14.0	30.48	34.37	27.5	12.51	3.52	0.01	0.0	0.0	-0.01	0.01	3.52	8.3	28.46	52.01	58.02	41.91	35.0
2025-04-12	35.01	29.24	31.22	29.24	29.09	30.38	32.68	29.24	30.95	33.0	20.19	8.01	3.52	1.8	0.17	0.01	0.01	18.08	22.57	33.84	50.02	79.0	55.44	45.59
2025-04-13	35.0	35.0	31.3	20.08	15.31	14.99	21.63	27.75	17.23	9.0	2.55	0.18	0.0	-0.01	-0.2	-1.51	-0.01	0.0	1.35	8.24	44.31	60.55	59.04	38.5
2025-04-14	39.23	38.16	37.74	35.0	30.01	35.01	42.5	68.19	74.94	37.74	30.55	7.4	3.52	0.65	0.0	0.0	0.0	0.0	0.65	4.99	35.0	35.0	19.75	13.0
2025-04-15	14.0	7.5	5.64	4.5	3.6	7.08	20.08	34.45	35.0	18.74	5.5	3.52	0.08	0.0	-0.01	-0.01	-0.01	0.0	2.55	7.5	33.47	35.0	21.96	21.46
2025-04-16	16.22	16.22	15.0	12.96	6.0	6.99	15.98	17.46	15.0	3.8	0.66	0.0	0.0	0.0	0.0	-0.01	-0.01	0.0	0.65	6.1	30.92	69.21	36.0	22.15
2025-04-17	20.19	16.22	15.98	15.88	15.5	15.5	16.46	22.48	19.97	9.5	3.52	1.49	0.0	0.0	0.0	0.0	0.0	0.0	3.52	20.08	72.83	107.5	87.56	62.4
2025-04-18	36.0	21.53	20.26	20.57	20.57	20.26	15.55	18.98	12.05	4.31	2.0	0.0	-0.3	-0.79	-1.16	-1.54	-1.54	-1.51	0.0	3.52	21.53	35.0	30.0	21.05
2025-04-19	8.0	4.83	3.83	3.52	3.52	3.52	3.52	3.52	2.4	0.0	-0.79	-1.54	-1.54	-2.2	-3.0	-4.0	-4.0	-3.0	-1.54	0.0	2.78	8.0	7.55	8.0
2025-04-20	3.52	2.78	2.1	2.17	3.0	3.52	3.52	7.0	3.52	1.6	0.0	-0.02	-0.99	-4.0	-4.99	-4.2	-1.54	-1.54	-0.3	3.05	35.99	82.3	80.5	40.0
2025-04-21	39.0	25.5	23.66	22.5	25.0	29.97	60.05	72.13	65.12	33.98	25.74	15.0	11.83	8.12	6.56	9.27	11.94	20.33	44.86	107.78	134.09	160.0	122.77	102.93
2025-04-22	85.1	76.05	71.73	70.41	73.06	66.0	84.48	120.62	126.6	83.51	69.7	45.0	30.0	20.37	15.0	5.11	4.31	5.79	21.7	60.0	99.99	130.04	105.03	75.81
2025-04-23	72.84	62.4	60.98	53.17	50.92	53.17	73.0	80.24	67.11	45.0	11.5	4.31	0.65	0.28	0.0	0.0	0.0	0.0	3.52	31.24	88.73	116.7	105.58	80.24
2025-04-24	75.24	55.89	45.5	47.46	47.46	53.17	65.74	95.0	71.33	19.97	0.65	0.0	-0.01	-0.01	-0.01	-0.01	-0.01	0.0	3.52	47.46	102.35	114.48	106.53	93.1
2025-04-25	74.24	65.01	69.39	61.31	65.2	72.99	92.52	113.39	99.0	40.5	15.0	0.65	0.0	0.0	-0.01	-0.12	-0.21	-0.01	0.0	20.08	79.5	109.63	77.0	40.7
2025-04-26	19.86	7.83	5.3	7.11	7.11	5.3	8.5	15.5	6.98	0.0	-0.51	-1.54	-2.0	-2.0	-3.0	-3.0	-3.03	-2.5	-1.54	0.0	11.0	23.04	18.45	16.08
2025-04-27	14.0	5.11	3.6	3.52	3.52	3.52	3.6	3.52	0.0	-1.51	-3.0	-5.0	-5.0	-5.8	-5.8	-6.01	-5.17	-3.02	-0.99	3.52	35.0	100.7	85.14	40.0
2025-04-28	24.63	16.3	18.1	18.0	18.0	25.0	25.0	47.94	33.0	3.52	0.0	-0.01	-1.01	-2.5	-3.0	-1.54	-0.3	-0.01	0.01	5.2	40.7	80.8	61.15	35.0
2025-04-29	6.77	3.52	3.52	3.52	3.3	3.52	3.52	14.0	3.52	3.0	0.0	-0.3	-1.01	-1.9	-1.66	-1.54	-1.54	-1.0	0.0	0.65	12.53	35.01	33.68	17.93
2025-04-30	35.0	16.46	13.3	13.3	15.41	35.0	87.99	117.01	98.03	35.0	7.08	0.1	0.0	0.0	-0.17	-0.02	-0.01	0.0	0.65	3.6	35.01	108.14	95.1	47.9
2025-05-01	29.2	22.66	22.59	23.22	22.59	27.2	28.16	23.02	18.39	0.0	-3.0	-6.0	-7.02	-7.81	-7.81	-10.0	-5.17	-4.0	-1.54	0.0	30.0	55.0	35.5	33.87
2025-05-02	13.04	5.11	2.8	2.5	2.5	3.17	7.96	7.96	14.0	12.41	0.85	-0.01	-0.99	-3.0	-4.0	-4.0	-4.0	-2.0	0.0	13.04	35.01	67.05	52.05	41.05
2025-05-03	36.13	26.0	16.16	13.89	13.37	15.17	16.91	14.13	12.67	5.7	0.0	-0.05	-1.16	-3.04	-2.69	-3.0	-3.0	-1.0	2.2	19.01	35.24	63.8	63.7	47.97
2025-05-04	36.13	32.35	24.01	19.31	16.54	15.58	13.62	7.83	3.5	0.0	-0.01	-0.62	-1.01	-2.0	-5.01	-4.0	-4.99	-4.0	-0.05	3.52	19.74	35.0	35.0	23.51
2025-05-05	28.1	20.37	15.78	12.2	9.49	14.94	22.89	35.0	35.0	16.3	1.0	-0.01	-0.99	-1.54	-3.0	-4.0	-4.0	-4.0	-0.99	0.0	10.0	28.1	18.56	12.2
2025-05-06	5.0	2.95	3.52	1.72	1.97	3.6	16.5	30.34	13.72	2.99	-0.5	-1.54	-1.81	-3.0	-4.0	-4.0	-4.21	-3.0	-0.99	0.65	39.99	65.12	48.23	32.55
2025-05-07	11.3	6.99	6.0	5.1	9.1	15.91	32.4	49.1	43.23	12.48	0.0	0.0	-0.12	-0.13	-0.13	-0.62	-0.4	0.0	3.52	39.53	50.4	80.0	57.1	35.4
2025-05-08	15.91	15.78	15.63	3.55	6.65	15.02	30.09	45.29	36.0	7.26	0.1	0.0	0.0	-0.01	-0.01	-0.01	-0.02	-0.01	0.1	16.04	35.1	79.59	50.0	30.1
2025-05-09	21.61	12.15	13.0	9.58	7.52	11.13	30.26	39.37	30.58	12.86	7.17	0.22	0.0	0.0	-0.01	-0.01	-0.01	0.0	7.04	15.63	41.92	80.27	57.64	39.76
2025-05-10	29.22	15.46	13.52	14.94	11.12	13.34	16.1	15.81	10.0	3.42	-0.06	-4.0	-5.21	-6.01	-7.5	-10.0	-5.8	-1.2	-0.01	0.01	21.02	36.88	31.46	25.37
2025-05-11	8.79	6.12	6.89	3.96	3.6	4.0	6.0	5.88	1.03	-0.62	-12.0	-12.0	-10.01	-12.0	-12.0	-14.0	-15.0	-7.5	-3.0	0.0	4.5	35.01	35.01	30.28
2025-05-12	15.3	14.88	17.7	15.3	14.0	15.3	22.34	35.01	22.1	6.0	-0.89	-3.0	-4.0	-4.0	-4.0	-4.21	-4.0	-1.54	0.0	10.3	61.81	122.03	103.75	70.44
2025-05-13	67.0	45.01	37.83	35.01	35.01	39.79	70.0	108.09	68.25	25.58	1.2	0.0	-0.5	-2.51	-2.08	-0.01	0.0	0.65	24.7	33.56	92.67	128.07	112.3	74.55
2025-05-14	64.93	45.33	41.2	37.41	36.0	40.05	53.08	91.53	57.64	37.8	0.28	-0.02	-1.13	-4.0	-3.0	-1.54	-0.89	-0.01	0.17	26.09	46.5	64.03	61.51	40.14
2025-05-15	32.95	19.71	18.47	10.55	10.63	16.26	20.0	35.01	34.11	3.52	-0.5	-1.54	-3.0	-3.0	-4.0	-5.0	-5.0	-3.99	-0.5	0.0	18.57	35.01	30.64	19.98
2025-05-16	5.11	5.0	6.0	3.6	3.28	4.75	6.0	10.0	0.01	-0.01	-5.0	-5.8	-8.01	-8.01	-9.0	-10.0	-10.0	-5.5	-1.54	2.0	18.04	35.09	41.21	35.01
2025-05-17	21.23	13.53	12.68	14.26	12.82	19.0	21.79	20.23	6.09	-0.01	-3.0	-5.7	-9.7	-10.01	-11.26	-10.0	-10.0	-5.8	-1.81	3.52	26.56	52.5	57.12	41.28
2025-05-18	37.0	21.73	15.49	15.0	13.9	15.79	14.5	8.99	0.01	-1.54	-10.0	-10.04	-12.0	-11.0	-15.0	-14.05	-13.0	-10.0	-3.0	0.28	7.44	37.0	40.7	33.96
2025-05-19	20.82	18.02	13.83	14.0	10.63	19.94	25.95	42.99	22.0	3.52	0.0	-0.5	-1.01	-1.5	-1.54	-2.0	-2.5	-1.54	-0.62	0.66	22.2	37.94	37.22	29.86
2025-05-20	20.53	16.93	13.58	7.74	7.0	18.26	25.66	35.09	20.2	0.0	-0.3	-1.1	-1.54	-1.81	-2.1	-3.75	-3.4	-1.54	-0.04	3.52	25.96	53.91	54.0	35.01
2025-05-21	35.0	30.2	28.65	22.03	26.72	30.2	35.09	58.87	35.01	10.0	0.0	-0.3	-0.6	-0.6	-1.0	-1.1	-1.1	-0.6	0.0	5.79	34.94	68.21	41.93	27.23
2025-05-22	13.06	11.0	7.0	5.11	5.11	5.11	6.0	12.1	0.65	0.0	-0.6	-4.0	-5.0	-5.0	-5.0	-5.0	-5.0	-3.0	-0.04	2.0	3.6	24.42	12.82	5.0
2025-05-23	9.22	7.69	9.37	5.8	5.11	4.9	5.66	12.34	4.23	1.72	0.0	-0.5	-0.6	-0.6	-1.54	-3.0	-3.0	-1.54	-0.45	0.65	5.76	31.0	17.94	12.58
2025-05-24	14.0	12.0	10.93	10.34	9.56	9.99	13.32	6.0	3.28	-1.0	-5.0	-6.0	-6.0	-6.0	-6.0	-8.01	-9.7	-6.01	-5.8	-0.02	17.72	36.1	52.0	37.0
2025-05-25	30.0	21.0	18.66	17.08	16.01	15.1	15.5	5.71	0.01	-1.0	-5.0	-6.0	-7.71	-15.0	-15.0	-14.0	-9.02	-6.0	-3.99	0.0	17.03	26.71	35.01	20.17
2025-05-26	26.25	18.04	16.64	14.43	16.4	20.0	25.78	35.01	25.3	0.01	0.0	-0.01	-0.01	-0.01	-0.02	-0.5	-0.3	-0.01	3.52	5.11	35.09	76.06	60.14	35.33
2025-05-27	35.01	30.5	22.46	20.0	21.03	26.01	33.44	36.26	33.0	18.0	0.03	-0.01	-0.01	-0.01	-0.01	-0.01	-0.01	-0.01	0.0	32.5	49.56	111.16	100.0	75.31
2025-05-28	35.01	30.5	33.27	32.02	32.0	31.08	35.01	54.88	35.01	17.2	0.85	-0.01	-0.01	-0.01	-0.5	-0.6	-0.62	-0.01	1.72	23.0	55.18	96.0	100.86	54.88
2025-05-29	49.63	39.0	43.81	39.22	38.24	40.01	37.95	45.0	38.24	16.06	3.52	0.65	-0.01	-0.48	-0.9	-0.12	-0.01	0.07	17.77	36.13	71.63	134.99	119.02	70.9
2025-05-30	55.0	53.1	47.7	45.78	45.54	46.08	49.55	68.38	53.01	29.13	1.83	0.0	-0.01	-0.01	-0.07	-0.07	-0.01	5.0	45.36	55.28	100.29	120.59	130.19	103.35
2025-05-31	107.0	89.74	70.55	72.0	83.61	80.0	83.61	64.31	33.55	1.0	-0.02	-1.0	-3.07	-5.0	-5.48	-3.0	-0.05	0.0	1.93	31.78	62.0	64.31	74.44	63.5
2025-06-01	60.0	36.07	35.01	34.95	34.43	35.0	35.01	32.22	2.4	-0.01	-0.6	-2.11	-5.48	-6.0	-6.0	-6.01	-6.0	-0.62	2.94	22.82	35.01	40.55	53.96	40.41
2025-06-02	30.24	27.25	26.66	19.1	20.01	18.89	35.01	45.59	52.96	40.01	17.55	2.95	0.85	0.46	0.0	0.0	0.0	1.72	14.9	40.3	88.05	100.0	98.21	66.5
2025-06-03	80.0	69.76	69.76	69.76	69.76	80.95	95.94	107.61	82.0	52.0	31.45	5.0	1.03	0.0	0.0	0.0	0.0	3.17	17.71	38.57	53.1	108.27	108.78	96.05
2025-06-04	89.6	80.71	75.14	75.0	74.52	82.13	98.22	105.0	78.1	48.37	32.35	4.83	3.6	3.52	1.72	0.09	0.0	6.2	28.04	60.0	108.38	127.01	123.46	99.38
2025-06-05	110.73	96.0	94.25	92.28	92.28	93.86	101.27	111.24	82.13	17.01	0.0	0.0	-0.01	-0.01	-0.01	-0.01	-0.01	0.0	3.17	33.94	99.77	140.34	142.03	118.24
2025-06-06	130.05	127.93	118.24	112.75	112.24	113.77	123.26	126.83	123.26	57.03	7.26	1.72	0.66	0.0	0.0	0.0	0.0	1.2	14.34	44.69	105.0	135.01	140.34	121.35
2025-06-07	112.84	103.77	101.57	100.59	100.59	101.57	104.0	93.8	22.2	0.7	0.0	-0.01	-0.5	-0.5	-0.6	-1.21	-1.21	-0.6	0.0	3.52	45.0	110.2	104.0	90.0
2025-06-08	79.47	78.49	79.0	65.0	65.0	65.0	64.36	22.02	0.83	-0.5	-2.0	-2.5	-2.5	-2.5	-2.1	-3.0	-2.8	-2.1	0.0	4.9	86.78	108.78	109.29	98.8
2025-06-09	90.6	77.94	77.94	80.0	82.86	87.35	102.25	107.06	85.01	20.1	7.19	3.17	1.72	1.72	2.95	3.17	5.57	12.39	50.0	90.0	113.76	135.0	124.1	114.27
2025-06-10	118.97	114.99	114.4	113.01	113.03	113.2	114.4	117.0	114.99	111.72	105.0	87.47	56.6	56.0	55.4	54.88	55.01	93.35	105.0	110.7	119.58	124.35	121.18	114.4
2025-06-11	111.89	108.56	106.07	106.02	104.0	106.02	107.49	110.63	109.58	101.27	82.28	49.99	14.28	5.0	3.52	1.1	2.5	3.0	15.0	74.0	105.01	115.5	114.81	109.58
2025-06-12	104.59	99.97	95.11	93.94	93.94	98.27	102.98	103.8	90.0	15.27	0.01	0.0	-0.01	0.0	0.0	-0.01	0.01	1.0	15.27	89.6	104.01	131.71	140.64	117.96
2025-06-13	126.84	119.08	113.98	112.33	111.35	111.35	113.89	113.86	112.47	50.0	14.5	0.85	0.0	0.0	-0.01	-0.01	0.65	3.52	17.43	90.4	105.47	120.58	120.98	113.98
2025-06-14	110.02	109.7	109.8	108.98	109.0	109.7	109.73	104.9	51.21	4.17	0.46	-0.01	-0.58	-0.62	-1.0	-1.5	-0.37	0.65	5.0	36.27	86.0	101.96	105.88	100.98
2025-06-15	87.47	62.0	38.7	34.7	24.35	20.0	18.47	15.13	2.0	0.0	-0.6	-1.21	-1.21	-3.0	-2.67	-2.0	-1.21	-0.6	0.0	2.4	33.96	76.85	78.43	53.97
2025-06-16	32.74	19.96	16.58	13.27	15.0	24.76	60.0	71.6	58.49	20.0	4.5	1.0	0.65	0.85	1.72	3.52	17.73	47.69	101.64	117.2	125.41	210.0	166.91	125.41
2025-06-17	128.64	124.76	120.0	119.82	120.0	117.1	119.82	124.59	126.91	112.96	72.88	26.75	24.17	22.57	18.16	12.0	24.2	72.88	94.78	115.0	126.68	154.76	152.03	127.91
2025-06-18	128.37	123.17	121.86	122.11	123.17	125.97	125.07	128.31	121.12	114.68	80.4	61.0	46.01	41.55	41.11	40.01	51.77	82.9	114.67	123.17	139.03	194.56	166.75	135.01
2025-06-19	139.01	131.68	128.61	128.31	128.12	128.96	135.01	139.01	128.37	124.19	114.26	80.27	75.75	70.0	67.86	65.0	76.0	95.0	118.18	123.0	133.22	167.55	164.6	133.02
2025-06-20	130.78	127.9	125.25	125.25	124.94	124.33	127.97	128.08	122.57	113.94	86.9	84.35	77.0	72.0	71.0	70.0	81.5	88.0	111.79	128.74	140.0	163.49	159.99	132.21
2025-06-21	128.89	126.93	125.87	122.86	122.42	121.44	122.86	115.56	103.6	40.0	2.5	0.0	0.0	0.0	0.0	0.0	0.1	4.31	74.27	109.99	126.34	134.93	138.81	126.07
2025-06-22	124.24	121.96	122.94	123.92	122.94	123.58	122.94	119.0	60.0	0.65	-0.05	-1.21	-1.5	-1.01	-0.62	-1.21	-1.1	0.0	5.0	71.14	114.12	128.76	130.78	128.76
2025-06-23	127.73	123.58	117.78	115.2	114.72	114.96	121.85	127.0	117.05	98.86	91.75	75.48	71.27	70.75	57.42	70.75	71.4	90.0	108.0	124.72	136.43	195.77	175.14	135.82
2025-06-24	129.82	126.84	123.94	124.92	124.92	125.21	126.1	126.73	126.9	119.04	100.47	77.69	76.75	37.28	16.23	7.5	7.5	20.06	71.95	104.61	125.4	146.03	154.52	131.81
2025-06-25	129.8	118.37	116.76	116.46	116.46	117.14	119.44	125.21	114.8	85.23	42.63	27.98	15.0	5.79	3.52	2.44	3.52	4.9	35.0	96.0	119.26	150.0	154.52	125.21
2025-06-26	119.95	116.43	112.0	110.0	109.57	110.55	116.43	117.05	111.53	85.0	50.24	63.0	62.59	45.64	37.39	36.2	37.39	59.13	80.09	97.81	118.33	159.62	157.0	119.77
2025-06-27	115.98	111.91	111.38	111.57	111.01	111.91	113.21	115.11	111.25	92.91	78.73	67.45	54.6	36.95	36.95	35.0	37.2	71.87	88.27	109.29	116.83	141.05	138.56	115.31
2025-06-28	112.96	112.92	108.5	108.25	107.04	108.0	108.0	108.0	91.0	22.22	6.0	0.83	0.65	0.65	0.7	0.65	2.12	10.26	46.0	96.26	111.38	131.33	132.65	115.0
2025-06-29	111.38	108.02	107.0	106.06	107.0	108.02	109.98	107.04	81.0	20.0	3.5	0.85	0.85	3.5	4.31	4.31	5.0	20.0	66.27	102.14	111.98	129.45	154.52	133.61
2025-06-30	125.5	116.18	113.18	111.74	114.89	115.0	115.0	121.0	115.0	109.63	85.0	78.27	77.75	78.01	78.4	88.18	99.32	104.1	110.1	111.38	135.0	175.01	157.0	127.86
2025-07-01	129.98	118.32	116.7	115.98	114.8	115.98	116.22	121.4	114.74	105.0	96.91	80.7	80.0	80.0	80.19	80.4	92.0	102.65	109.91	115.5	125.0	167.0	159.66	129.78
2025-07-02	130.14	120.0	112.13	111.63	112.13	112.92	111.0	113.55	110.45	104.1	81.79	76.39	70.64	70.64	70.64	71.57	79.73	80.0	87.68	107.04	112.92	126.16	125.1	110.25
2025-07-03	111.96	110.0	109.12	101.9	91.21	100.18	109.81	111.51	104.9	70.58	67.42	55.58	42.16	37.2	39.63	56.67	64.71	81.0	96.34	109.0	118.8	142.59	140.34	119.35
2025-07-04	110.62	107.9	107.26	106.76	107.02	107.83	111.04	113.37	110.0	91.15	76.14	72.0	75.0	75.58	75.88	75.88	76.14	78.98	90.19	108.5	113.85	139.26	138.03	122.72
2025-07-05	131.56	118.8	110.0	107.02	107.0	106.69	109.42	110.62	100.0	36.8	5.76	3.52	4.31	5.0	5.0	5.0	5.0	25.44	41.25	100.0	112.8	131.33	134.0	120.0
2025-07-06	112.17	106.01	103.6	100.58	100.1	100.82	101.3	96.98	52.0	7.4	2.0	1.0	0.85	3.52	2.99	0.65	0.65	0.65	4.31	31.53	90.0	108.21	110.62	108.68
2025-07-07	106.65	96.18	92.25	89.01	85.01	95.0	103.5	106.65	94.0	57.5	37.5	18.01	15.01	6.0	5.79	5.0	3.6	4.31	5.0	37.39	80.0	105.75	104.48	95.1
2025-07-08	80.1	62.4	50.0	35.1	35.1	30.1	60.73	74.99	60.0	18.01	4.31	1.72	1.72	2.99	3.52	3.52	5.0	17.1	45.0	60.39	104.5	110.69	110.62	106.06
2025-07-09	110.62	104.01	101.42	103.32	108.6	110.37	107.27	111.82	108.75	99.5	56.91	40.0	35.1	36.2	36.2	37.55	50.0	73.55	75.4	110.41	115.04	155.75	145.01	120.0
2025-07-10	123.51	115.5	113.02	112.38	112.38	113.53	117.89	123.51	110.66	108.1	106.5	90.01	76.98	75.57	75.44	75.0	74.0	76.73	88.08	103.99	118.65	153.75	170.0	132.0
2025-07-11	121.74	115.46	113.85	112.73	112.73	113.33	118.47	125.0	111.07	105.34	63.1	76.75	80.0	74.01	62.19	59.9	55.4	61.98	67.0	100.0	114.23	125.67	138.16	130.0
2025-07-12	119.78	116.62	112.18	107.53	105.42	103.79	109.85	118.99	105.42	72.95	42.1	19.0	15.0	5.76	4.31	0.85	13.68	35.0	50.08	75.4	107.75	125.67	133.0	121.74
2025-07-13	119.36	117.06	114.11	113.99	108.67	104.64	104.64	90.0	55.0	22.5	4.28	0.05	0.0	0.0	0.0	0.0	1.0	5.79	30.39	70.1	107.69	124.5	134.62	121.74
2025-07-14	118.1	112.45	109.86	109.23	108.9	110.1	118.06	122.72	116.0	75.19	65.0	33.72	34.06	38.8	31.49	18.21	27.09	47.5	60.0	77.76	117.06	126.64	124.68	118.26
2025-07-15	113.16	109.48	107.41	107.22	105.43	107.38	113.16	118.81	107.4	72.97	30.5	39.87	46.2	45.0	35.0	29.95	29.95	49.0	50.08	72.84	112.92	135.87	135.05	120.05
2025-07-16	113.31	107.85	106.83	106.83	107.22	110.68	117.61	125.67	109.5	89.0	75.0	70.1	70.1	70.1	70.0	69.84	69.95	70.1	79.1	109.62	125.0	175.49	169.2	129.36
2025-07-17	119.78	115.13	113.84	108.62	108.62	113.46	118.36	125.0	115.45	104.27	85.0	77.07	76.8	76.68	75.2	73.0	76.81	84.36	91.52	108.66	121.41	128.67	129.85	120.76
2025-07-18	114.0	107.61	107.22	105.9	105.0	107.17	111.55	115.14	109.39	90.64	80.0	81.58	80.0	73.02	71.2	72.68	72.81	72.8	71.08	72.8	110.0	119.39	119.19	111.65
2025-07-19	101.72	98.25	90.0	84.99	82.5	83.74	90.0	79.3	56.62	9.83	3.52	0.65	0.0	0.0	0.0	0.0	0.0	0.65	3.52	42.32	72.92	100.28	106.8	96.25
2025-07-20	57.73	45.0	43.94	43.81	43.81	43.81	43.94	38.3	3.6	0.65	0.0	0.0	-0.01	-0.01	-0.01	-0.66	-1.01	-0.62	0.0	3.6	43.81	75.3	92.0	76.26
2025-07-21	64.99	51.48	45.0	40.0	17.88	50.0	75.54	107.88	80.0	40.0	5.11	6.0	15.23	22.63	17.22	16.01	8.93	30.17	43.81	75.11	115.15	169.2	165.43	119.78
2025-07-22	116.69	112.66	100.0	100.62	99.96	107.4	114.56	120.76	105.46	69.57	38.5	35.01	35.1	35.1	34.75	31.25	31.11	35.01	51.83	86.66	113.92	138.83	135.05	115.39
2025-07-23	112.91	106.53	100.62	100.5	101.15	101.0	105.46	113.91	96.5	83.31	76.4	68.64	61.97	51.89	44.88	46.0	47.0	51.76	52.13	75.92	105.46	112.0	109.96	100.39
2025-07-24	95.0	85.0	81.88	71.79	63.27	80.9	85.62	90.44	60.51	35.5	5.11	3.52	2.0	3.52	3.52	1.72	1.72	1.72	3.52	29.97	50.0	90.92	90.68	71.05
2025-07-25	73.63	65.95	62.0	58.99	51.97	63.43	65.95	76.0	58.99	12.75	2.51	0.65	0.75	0.85	1.1	0.65	0.65	0.65	4.31	30.85	85.0	104.72	101.94	79.99
2025-07-26	96.27	77.16	66.28	56.84	46.4	50.74	57.33	55.01	41.05	3.6	0.65	0.09	0.15	0.09	0.01	0.0	0.0	0.0	0.65	23.99	65.29	92.57	100.0	90.66
2025-07-27	72.74	62.67	63.0	62.94	56.4	56.16	56.16	50.0	32.34	3.52	0.0	-0.01	-0.01	-0.01	-0.01	-0.5	-0.6	-0.5	0.0	4.9	40.0	62.67	88.64	66.95
2025-07-28	62.29	55.75	50.0	45.03	42.49	45.07	50.0	56.23	63.71	30.0	5.79	3.52	1.21	0.85	0.85	0.65	0.65	0.9	3.52	16.0	60.0	74.98	88.54	63.25
2025-07-29	50.68	37.97	34.78	32.0	30.28	34.78	45.0	50.0	49.45	13.0	3.52	0.09	0.15	0.65	0.65	0.65	0.65	1.11	8.0	35.17	57.58	98.0	103.27	84.13
2025-07-30	66.7	50.92	43.75	38.48	32.55	38.48	45.51	72.96	57.38	35.17	9.07	3.52	4.31	5.11	5.79	4.31	5.0	6.0	30.5	39.6	77.99	101.49	104.36	92.18
2025-07-31	90.0	77.37	71.07	58.38	57.75	59.01	81.96	100.46	91.55	51.31	30.5	23.92	29.01	23.5	25.26	28.5	30.0	39.1	54.92	86.71	107.99	114.45	110.27	98.32
2025-08-01	102.22	93.47	81.0	72.55	63.98	73.6	83.14	100.62	100.0	65.06	45.81	35.08	31.87	25.06	20.01	13.43	17.42	27.47	44.8	70.12	87.34	103.02	102.52	95.41
2025-08-02	97.8	77.08	65.27	49.56	43.33	44.29	51.08	49.81	37.33	3.52	1.06	0.0	0.0	0.0	0.0	0.0	0.0	0.65	3.52	15.2	74.53	99.64	99.64	80.5
2025-08-03	80.4	69.26	42.96	37.38	30.02	30.2	32.03	26.28	6.16	0.0	-1.01	-2.1	-3.0	-5.0	-4.0	-4.98	-1.49	-0.01	0.01	27.08	78.2	96.13	97.4	85.09
2025-08-04	80.99	80.4	80.0	80.4	85.27	85.27	95.67	106.23	97.81	52.57	30.0	13.75	6.76	4.05	3.52	3.52	5.79	26.35	38.94	70.77	103.25	168.02	138.8	115.04
2025-08-05	140.7	107.94	95.4	95.4	94.5	91.25	101.42	106.22	80.0	30.1	5.0	1.72	0.8	0.85	1.0	1.01	1.72	0.66	3.0	46.4	83.4	102.62	98.36	83.16
2025-08-06	80.97	75.26	80.0	80.4	85.72	97.35	94.0	104.41	97.35	76.95	51.0	27.67	28.4	27.2	27.2	27.2	28.8	52.0	80.32	106.22	114.64	170.0	150.01	115.43
2025-08-07	116.95	108.66	105.0	108.62	107.96	108.59	114.7	119.28	119.22	80.43	50.0	26.39	26.39	28.42	27.2	26.39	27.2	48.97	70.0	101.53	115.42	145.01	125.16	110.0
2025-08-08	106.54	103.4	104.4	103.52	102.39	104.72	105.68	110.46	104.72	68.65	41.13	9.0	5.0	1.5	1.5	0.74	10.49	49.77	68.62	104.07	109.9	136.87	115.97	109.0
2025-08-09	105.43	105.43	105.43	105.41	104.72	104.72	110.7	113.12	102.07	43.09	0.85	0.0	-0.01	0.0	0.0	-0.01	0.0	3.52	28.61	69.99	94.0	100.26	96.64	94.78
2025-08-10	104.72	85.44	79.0	68.0	85.0	90.5	96.44	90.0	49.9	0.0	-0.44	-0.99	-1.0	-0.62	-0.6	-0.6	-0.5	1.72	26.5	80.5	98.01	130.0	136.87	112.98
2025-08-11	109.7	100.43	100.0	99.89	99.18	99.89	99.65	105.43	100.61	63.6	45.0	22.51	15.0	15.0	10.0	9.0	44.5	57.97	90.0	111.24	135.09	144.41	133.51	110.91
2025-08-12	109.13	99.94	104.72	104.38	103.0	104.38	99.18	109.7	98.69	96.13	66.34	40.94	27.2	26.28	27.2	35.05	63.8	85.82	96.78	121.86	154.93	140.81	126.87	109.7
2025-08-13	109.73	110.7	109.98	105.55	104.32	104.32	105.0	121.17	118.24	94.1	90.0	71.0	63.48	60.0	63.22	70.9	84.15	93.1	105.0	107.23	155.1	153.0	123.21	106.27
2025-08-14	126.87	115.7	110.28	105.27	102.0	101.12	107.0	109.65	99.31	90.92	71.67	67.4	54.01	40.91	54.9	69.43	71.67	80.0	102.0	115.78	137.99	149.02	125.88	111.92
2025-08-15	119.07	105.3	99.9	96.22	93.66	91.16	98.5	97.52	71.89	43.97	6.0	3.0	0.08	0.0	0.0	1.72	23.53	33.23	61.12	100.82	111.39	144.75	142.0	117.63
2025-08-16	118.82	114.32	109.69	105.0	104.28	105.35	108.43	111.19	103.67	60.93	26.28	3.8	0.65	0.65	0.66	1.1	3.6	21.52	68.8	100.0	111.05	144.0	137.0	117.65
2025-08-17	118.58	113.12	106.27	104.59	104.66	105.01	104.34	96.99	101.12	27.2	9.7	0.65	0.65	0.65	0.65	0.65	5.13	16.72	51.45	94.03	113.12	124.65	131.25	117.67
2025-08-18	109.52	105.54	104.3	103.1	99.82	101.12	105.34	106.54	106.54	104.56	97.52	75.59	69.0	69.0	67.9	60.0	69.26	84.53	104.07	115.06	120.0	120.76	114.32	106.84
2025-08-19	103.06	101.12	98.1	92.41	90.37	91.4	99.0	102.82	98.1	88.57	69.64	43.23	30.0	29.14	30.91	40.54	46.8	48.7	62.2	88.97	97.74	106.85	106.54	99.0
2025-08-20	95.58	88.03	83.0	81.0	76.2	82.0	88.46	96.54	89.81	71.55	49.8	49.9	49.02	35.0	31.53	27.2	27.99	37.0	49.27	69.27	78.73	100.07	97.52	84.98
2025-08-21	95.28	88.88	85.26	83.68	82.1	84.0	85.82	101.12	85.26	50.2	25.67	10.0	7.89	5.11	5.11	3.52	5.79	6.0	25.0	50.0	77.84	83.26	75.0	71.6
2025-08-22	77.1	72.0	68.01	65.2	70.01	69.81	71.03	78.06	75.1	49.67	15.57	5.11	4.31	5.79	5.37	5.01	5.79	20.0	35.2	84.56	104.53	103.49	101.59	94.37
2025-08-23	95.33	89.32	80.94	78.21	76.06	79.1	84.28	86.42	79.15	55.02	15.85	3.46	1.82	0.75	0.65	3.52	11.99	38.38	64.64	106.96	118.85	130.87	111.16	108.96
2025-08-24	106.0	101.12	97.52	94.24	93.76	94.0	94.24	95.96	75.0	25.0	0.0	-0.05	-0.6	-0.6	-0.5	-0.1	0.0	12.93	61.15	98.57	114.99	114.32	111.92	105.77
2025-08-25	0.0	0.0	0.0	0.0	0.0	0.0	0.0	0.0	0.0	0.0	0.0	0.0	0.0	0.0	0.0	0.0	0.0	0.0	0.0	0.0	0.0	0.0	0.0	0.0
2025-08-26	0.0	0.0	0.0	0.0	0.0	0.0	0.0	0.0	0.0	0.0	0.0	0.0	0.0	0.0	0.0	0.0	0.0	0.0	0.0	0.0	0.0	0.0	0.0	0.0
2025-08-27	0.0	0.0	0.0	0.0	0.0	0.0	0.0	0.0	0.0	0.0	0.0	0.0	0.0	0.0	0.0	0.0	0.0	0.0	0.0	0.0	0.0	0.0	0.0	0.0
2025-08-28	0.0	0.0	0.0	0.0	0.0	0.0	0.0	0.0	0.0	0.0	0.0	0.0	0.0	0.0	0.0	0.0	0.0	0.0	0.0	0.0	0.0	0.0	0.0	0.0
2025-08-29	0.0	0.0	0.0	0.0	0.0	0.0	0.0	0.0	0.0	0.0	0.0	0.0	0.0	0.0	0.0	0.0	0.0	0.0	0.0	0.0	0.0	0.0	0.0	0.0
2025-08-30	0.0	0.0	0.0	0.0	0.0	0.0	0.0	0.0	0.0	0.0	0.0	0.0	0.0	0.0	0.0	0.0	0.0	0.0	0.0	0.0	0.0	0.0	0.0	0.0
